antecedents,consequents,antecedent support,consequent support,support,confidence,lift,representativity,leverage,conviction,zhangs_metric,jaccard,certainty,kulczynski
All I Want For Christmas Is You,Christmas Best Hits 2022,0.001081528135636352,0.00111333778668448,0.001081528135636352,1.0,898.2,1.0,0.0010803240294955856,inf,0.9999681559086712,0.9714285714285714,1.0,0.9857142857142858
Christmas Best Hits 2022,All I Want For Christmas Is You,0.00111333778668448,0.001081528135636352,0.001081528135636352,0.9714285714285714,898.2,1.0,0.0010803240294955856,34.96214651525272,1.0,0.9714285714285714,0.9713976371684234,0.9857142857142858
Best Of Karneval,Karneval 2022 100%,0.001176957088780736,0.00111333778668448,0.001081528135636352,0.918918918918919,825.3729729729731,1.0,0.0010802177848361063,12.319602167297566,0.9999653428250281,0.8947368421052632,0.9188285476738443,0.9451737451737452
Karneval 2022 100%,Best Of Karneval,0.00111333778668448,0.001176957088780736,0.001081528135636352,0.9714285714285714,825.372972972973,1.0,0.0010802177848361063,34.95880650189266,0.9999016548215364,0.8947368421052632,0.9713949044585987,0.9451737451737452
Christmas Time,Holly Jolly Christmas,0.001049718484588224,0.001240576390876992,0.001017908833540096,0.9696969696969697,781.6503496503498,1.0,0.0010166065775710487,32.95906097910109,0.9997701327856324,0.8,0.9696593297778087,0.8951048951048951
Holly Jolly Christmas,Christmas Time,0.001240576390876992,0.001049718484588224,0.001017908833540096,0.8205128205128205,781.6503496503497,1.0,0.0010166065775710487,5.565580139871579,0.9999611838333652,0.8,0.8203242115164163,0.8951048951048951
